,책제목,artist,song_name,id,spotify_artist,O
0,두고 온 여름,권현정(소공녀OST),난 너만 있으면 되는데,4MzcQtRM0xlUhs5Y0Quy1R,Kwon Hyun Jung,O
1,두고 온 여름,Paniyolo,가족의 글자,20INz9muKVLRnJ24hBMB5D,피노키오,X
2,두고 온 여름,Paniyolo,소리마음,4QTQQj8PuI6hZ6MpVkIcG2,쏘피아노 SOPIANO,X
3,두고 온 여름,김윤아,퇴근버스,7xC5OpJjrH6EwauGbzaUty,Kim Young Bum,X
4,두고 온 여름,Hideyuki Hashimoto,hoho,48Jivh6jAj87eK6lj3FtUo,Hideyuki Hashimoto,O
5,두고 온 여름,Hideyuki Hashimoto,Setsu,1GKz0TpC7HktxQTirXpyZi,Hideyuki Hashimoto,O
6,두고 온 여름,김윤아,비내리는 상수역,6kG9OfCujcrkTEHAz0wGdl,김정호,X
7,두고 온 여름,이승호,나의 제단에 작은 초를 켭니다,3pSrGfEJBzwDAo5D7eQpO8,Han Woongjae,X
8,두고 온 여름,이승호,모든 시작을 위해,1mu2MNJTsRq0WphzqO1MhN,Lee Soo Young,X
9,두고 온 여름,GONTITI,28,3pGNUEIlaUlCU8mXxKInzw,Agust D,X
10,두고 온 여름,GONTITI,저녁 바다 위에 뜨는 달,7dxyNzfhhXpqIHttzNFxn5,Sung Si Kyung,X
11,두고 온 여름,주걸륜,First Kiss,0bj0hCTYXv02xeSHyRXuYT,Kid Rock,X
12,두고 온 여름,이윤지'],우리 식구,1XrfEfQj3x4XfIM1nxMJJW,이정현,X
13,백일의 밤 백편의 시,Jon Belle,If You Could See Me Now,53BeSVY0mpmucCIr0pDkPp,Jon Belle,O
14,백일의 밤 백편의 시,김지수,Somewhere,0ll8uFnc0nANY35E0Lfxvg,Keane,X
15,백일의 밤 백편의 시,Sunday Night Piano Club,Have Yourself a Merry Little Christmas,2FPfeYlrbSBR8PwCU0zaqq,Frank Sinatra,X
16,백일의 밤 백편의 시,Thomas Ades,Arabesque (Debussy),6JU2EiLrNcmPuzRYC89x5N,Thomas Ades,O
17,백일의 밤 백편의 시,이진욱,Wish (Guitar & Piano Version),1XrfEfQj3x4XfIM1nxMJJW,이정현,X
18,백일의 밤 백편의 시,Thomas Ades,Colette,7IyjWrw7SQHeGlPObJdqPQ,Thomas Ades,O
19,백일의 밤 백편의 시,Fougere,Descent,53xAT6jud1w0NqlBjSW4VB,China Anne McClain,X
20,백일의 밤 백편의 시,데일리 스케치,12월,5rpFNrOoB6rVKc0K8Gv9Qx,TURBO,X
21,백일의 밤 백편의 시,Kozy,Winter Story,4jNexAQCZu0UIbfzpKxa8U,Yira,X
22,백일의 밤 백편의 시,Jim Chappell,Innocense,6aCCOwUQgAiI0xO9fBh1x2,Jim Chappell,O
23,백일의 밤 백편의 시,임주연,겨울의 오타루(윤희에게 ost),4JlSSl295P0q1Ttb8KQYWX,Kim Haewon,X
24,백일의 밤 백편의 시,노영심,영우의 마음(사람의 마음은 참 어렵습니다),7sp5iTQjB7GHXX4TKrhOaO,Na Yoon Kwon,X
25,백일의 밤 백편의 시,Piago,I Will Remember,0HWP0zWAUviRgsXdqCCOSc,Sarah McLachlan,X
26,백일의 밤 백편의 시,Iwamura Ryuta,February 20 / C-bur,2ImPlIfC6RygVYKSANhxgf,Iwamura Ryuta,O
27,백일의 밤 백편의 시,임승범,바다에 뜬 별,5aIMG0qGrQXPh7ukqT39qy,Kim Kwang Seok,X
28,백일의 밤 백편의 시,김연정,Save You,5amgK2rjUTSyXS1q1IUNR8,Kim Yeon Woo,X
29,백일의 밤 백편의 시,Nanatsutani Yumi,molecule,2nQwp2DxltSKXjy5jEp79m,Yumi,O
30,백일의 밤 백편의 시,Yuyama Akira,잔물결 자장가,4ViCozaIsuOhZmsyHMH6r2,Anamanaguchi,X
31,백일의 밤 백편의 시,Tobias Wilden,Old Memories,6B1PRHtqQb2epYhFYqIAzO,Whxami,X
32,백일의 밤 백편의 시,Iwamura Ryuta,October 7 / His-dur,2ImPlIfC6RygVYKSANhxgf,Iwamura Ryuta,O
33,백일의 밤 백편의 시,Michael Giacchino,Stuff We Did,19blFYzqmPj7FtW7W4DFEl,Michael Giacchino,O
34,어른을 위한 인생 수업  류쉬안,전진희,night in february,7BsB19lhDNnk1MgULMyv5p,Jeon Jin Hee,O
35,어른을 위한 인생 수업  류쉬안,Lee Jian,love,7rBgwVu0fS2ed3t62t5I40,Lee0n,X
36,어른을 위한 인생 수업  류쉬안,노영심,혼자 듣는 음악,4r4KSZJZl2srar6Mp5T1tt,마음명상 뉴에이지,X
37,어른을 위한 인생 수업  류쉬안,해이준,서시히 물들다(With Cello),2L7BInu08uxTbnSUPUMcAc,신성우,X
38,어른을 위한 인생 수업  류쉬안,이선규,Emptiness(공허),4KiYPYpm4ultIp247ftPlI,LEE SEUNG HWAN,X
39,어른을 위한 인생 수업  류쉬안,Nakamura Yuriko,Legend,5fpIho8igzgHw9FTmZGoTU,haruka nakamura,X
40,어른을 위한 인생 수업  류쉬안,Yuriko Nakamura,Last Fascination,74OQ8faaSDuMOuLRyPstd5,WWE,X
41,어른을 위한 인생 수업  류쉬안,해이준,이별의 강을 건너다,1WjfJZRAwxUIx3P2wvrnIG,최호섭,X
42,어른을 위한 인생 수업  류쉬안,데일리 스케치,모든게 그렇듯 다 지나가더라,2eooxY46CG0Ao2przvSDTz,Hwang Chi Yeul,X
43,어른을 위한 인생 수업  류쉬안,피치소,너를 그리는 시간,1WjfJZRAwxUIx3P2wvrnIG,최호섭,X
44,어른을 위한 인생 수업  류쉬안,구찬성,다시 너,52p5RtEaTXx1u1udrx8Fqr,Kim Dong Ryul,X
45,어른을 위한 인생 수업  류쉬안,해이준,넌 혼자가 아니야,1plxVCiD3Qw2IWDq3EFuYI,Lee Jun Hyung,X
46,어른을 위한 인생 수업  류쉬안,JUNJO,Words,7i0uCzsfDprnvW2BzVfIpH,Mondaze,X
47,어른을 위한 인생 수업  류쉬안,이병우,나는 니가 이상해서 조터라,4OKJVnIyO8KRq182dstNOI,야다,X
48,어른을 위한 인생 수업  류쉬안,Hideyuki Hashimoto,izumi - improvisation - tree /,6l0tjnyRxdVdEBqLK5OIE1,Hideyuki Hashimoto,O
49,어른을 위한 인생 수업  류쉬안,김지수,Mokpo of Old Memory(우리들의 블루스 ost),5BKRpouE6rMJiSIa3rlUGu,Kim Hyunshik,X
50,어른을 위한 인생 수업  류쉬안,김윤아,어린왕자,23yPZ4KHxFhotRk1ykyZIK,김윤진 Kim Yun Jin,X
51,어른을 위한 인생 수업  류쉬안,정동환,그 밤,7G1OltxbhpBYGIlAx7chiY,Yoon Do Hyun,X
52,어른을 위한 인생 수업  류쉬안,이남연,Warmhearted,3qvnPJQgq7OdcKthG1p6cV,Kim Haewon,X
53,어른을 위한 인생 수업  류쉬안,:50 The Moon Song (Film Version),Scarlett Johansson',2NUzv15ucZbgMrzu6AwBNx,Scarlett Johansson,X
54,당신의 마음에 이름을 붙인다면,Frank Glazer,Sonatine Bureaucratique (콜미바이유어네임 ost),42PgUkn2nuXD8B9YtpcfjA,Flaccid Genitals,X
55,당신의 마음에 이름을 붙인다면,Szervanszky & Cavaye,Le jardin feerique from Ma mere l'Oye,3F3J5UND5sXaHZX7Efolcc,Valeria Szervanszky,X
56,당신의 마음에 이름을 붙인다면,MWV U78 (Piano,Michael Endres),58qooOuHq4TQu3wLEA8Ihv,Carl Maria von Weber,X
57,당신의 마음에 이름을 붙인다면,TH 135,6. June: Barcarolle (Piano - Vladimir Ashkenazy),675uoOAtz3TzuigX3Doe4h,Pyotr Ilyich Tchaikovsky,X
58,당신의 마음에 이름을 붙인다면,TH 135,10. October Autumn's Song (Piano - Vladimir Ashkenazy),0Qy7RTQeZGuWdunxjAE8ud,Frederic Chopin,X
59,당신의 마음에 이름을 붙인다면,Alessio Bax,“Zion hort die Wachter singen” (콜미바이유어네임 ost),4Z3VIu0oYzM45D1e0BlnTE,Johann Sebastian Bach,X
60,당신의 마음에 이름을 붙인다면,Kathryn Stott,The Swan,1p2KclGv8c1qKPoRq4exKd,Camille Saint-Saens,X
61,당신의 마음에 이름을 붙인다면,Debussy,"Clair De Lune (Piano 조성진)""",3aflqY3isjShFUHoiS1QbR,Claude Debussy,X
62, 쓸데없는 짓이 어디 있나요,Ryuichi Sakamoto,leta,66hacKPqwClRgpSmWDWhBx,Ryuichi Sakamoto,O
63, 쓸데없는 짓이 어디 있나요,전진희,Breathing in April,4hryahlO8NpCmOpQv2Ng4C,Jeon Jin Hee,O
64, 쓸데없는 짓이 어디 있나요,정수민,통감(feat.진수영),1J0NAemu98Bg5y39sqqfMI,Sung Si Kyung,X
65, 쓸데없는 짓이 어디 있나요,윤한,바람의 왈츠,6aIyFDkZ5PDA7knzWlGVCl,Yoon Han,O
66, 쓸데없는 짓이 어디 있나요,진수영,많은 날들이,52Jmotax4FBamKmv0Td8DH,Byun Jin-Sub,X
67, 쓸데없는 짓이 어디 있나요,Hideyuki Hashimoto,ki,48Jivh6jAj87eK6lj3FtUo,Hideyuki Hashimoto,O
68, 쓸데없는 짓이 어디 있나요,윤한,Lake Lucerne,3pSrGfEJBzwDAo5D7eQpO8,Han Woongjae,X
69, 쓸데없는 짓이 어디 있나요,Hideyuki Hashimoto,Izumi - improvisation - tree,48Jivh6jAj87eK6lj3FtUo,Hideyuki Hashimoto,O
70, 쓸데없는 짓이 어디 있나요,Haruka nakamura,World’s end Rhapsody,7BBZGDSZbsb4Esi8YB94HT,Nujabes,X
71, 쓸데없는 짓이 어디 있나요,정수민,회상,,,X
72, 쓸데없는 짓이 어디 있나요,Ryuichi Sakamoto,Parolibre,66hacKPqwClRgpSmWDWhBx,Ryuichi Sakamoto,O
73, 쓸데없는 짓이 어디 있나요,진수영,서로 말하지 않아도,6fa5WDUs5Bewt6JpYioYFI,Jung Joon Young,X
74, 쓸데없는 짓이 어디 있나요,Hideyuki Hashimoto,Odoriko,48Jivh6jAj87eK6lj3FtUo,Hideyuki Hashimoto,O
75, 쓸데없는 짓이 어디 있나요,루시드폴,눈 오는 날의 동화'],2bh7CwpS8enLBMuk2p8pHG,달콤한꿈,X
76,스키터,이준오,나만의 작은 숲 (리틀포레스트 ost),1plxVCiD3Qw2IWDq3EFuYI,Lee Jun Hyung,X
77,스키터,이윤지,우리 식구,1XrfEfQj3x4XfIM1nxMJJW,이정현,X
78,스키터,임승범,이해,,,X
79,스키터,박성일,하루,,,X
80,스키터,또 오해영 OST,나 심심하다 진짜…,0mtuqz4rcMYCKjF1cjmlu6,Jung Yong Hwa,X
81,스키터,정세린,위로,,,X
82,스키터,오준성,In Memories,5TptH8AKtJHRx21Wa4AX2k,Oh Joon Sung,O
83,스키터,박상희,쿠바 정원의 밤하늘,2H9wfK2JW6UZH6ofhMMmaB,테라피 피아노,X
84,스키터,김연정,Truth,5amgK2rjUTSyXS1q1IUNR8,Kim Yeon Woo,X
85,스키터,임하영,위로,,,X
86,스키터,유민호,까멜리아,5lKWtBL8zthnuG9C9z2ecF,Yoo Min Ho,O
87,스키터,또 오해영 OST,난 내가 여전히…,0mtuqz4rcMYCKjF1cjmlu6,Jung Yong Hwa,X
88,스키터,홍진호,Moonlight (Cello Ver.),2L7P1ukm8GXHTBeHSM0st1,Hong Jin Ho,O
89,스키터,OHDH,마음일기,5NtAjS4i0wEFK0lvvuSAVb,Cho Jang Hyuck,X
90,스키터,김윤아,Happy Things,23yPZ4KHxFhotRk1ykyZIK,김윤진 Kim Yun Jin,X
91,스키터,진수영,멈춰선 채,2REiV8Cx6JsVkMFiTUP4on,Jin Sung,X
92,스키터,정재형,사랑하는 이들에게,3Y2Ks3xBvIhLvG1AHRtd2q,Jeong Tae chun,X
93,스키터,바다가 들린다 OST,First Impression (piano cover Pidalso),4m4QBep0gtfC3g8wjev0QB,Sugar Coast,X
94,스키터,전진희,breathing in October(2021),5yNtqQzL2eAr5pb1cRDUhe,Jeon Jin Hee,O
95,스키터,OHDH,그때도 알았더라면,3eOXiUUfz9OhyVqoREsJYe,OOHYO,X
96,스키터,:03 Rain Song,Emile Mosseri,2FH1R4lNVQQx64VLEPLOhF,Emile Mosseri,X
97,잊었던 용기,Iwamura Ryuta,Rio,75r0iioFSw03555dN2ydPV,Shigeyuki Kameda,X
98,잊었던 용기,Kosemura Akira,Mirage,7AZCidWfobiJzWoxPB67gr,Akira Kosemura,X
99,잊었던 용기,Kosemura Akira,Kosemura: Passing By,7AZCidWfobiJzWoxPB67gr,Akira Kosemura,X
100,잊었던 용기,Yutaka Hirasaka,amaretto,5Oje3rq0K9GSyvlWlOmjoG,yutaka hirasaka,O
101,잊었던 용기,HWANJI,여정,6uDF3NUIKSpEcPHKrTKoIA,SeeYa,X
102,잊었던 용기,RADWIMPS,Theme of mitsuha,66HNv8qd9jr7q5P9nNTOOZ,RADWIMPS,O
103,잊었던 용기,Raujika,Pastoral,0cPrPXrM1bKISuj7Hp9rj6,Raujika,O
104,잊었던 용기,Zmi,Tamayura,6D1oM53Za4jzNEJ1NAcmfZ,Zmi,O
105,잊었던 용기,Hideyuki Hashimoto,asa,48Jivh6jAj87eK6lj3FtUo,Hideyuki Hashimoto,O
106,잊었던 용기,전진희,Dawn Snow,6HgeeiHqVpxxFCB0bjBRT6,Jung Seung Hwan,X
107,잊었던 용기,Hideyuki Hashimoto,improvisation - prelude,6KysOR1ueeYL2Z2cDDj4EZ,Hideyuki Hashimoto,O
108,잊었던 용기,심현정,A Werewolf Boy'],6HgeeiHqVpxxFCB0bjBRT6,Jung Seung Hwan,X
109,다른 삶,Over the Rainbow,Joey Alexander,5ocuRCDSWiUMZcWI4Utd9g,Cooliecut,X
110,다른 삶,Tobias Wilden,Eye Contact,37bPydtyElNj0AERSVzGMM,Jay Beckenstein,X
111,다른 삶,Tobias Wilden,About Isolation / Ripples,0kijSPgMw8MJ6DTUAg7cTp,Tomas Wilhelm,O
112,다른 삶,Tobias Wilden,Blue Hour,0fChhiJLvduCBLy1gyTWBI,Ruby Haunt,X
113,다른 삶,Thomas Ades,Colette,7IyjWrw7SQHeGlPObJdqPQ,Thomas Ades,X
114,다른 삶,이루마,Passing By,0Djo0n7aIXn4osnK2U5YNH,Yiruma,O
115,다른 삶,Joep Beving,Reflection #2,3PEUNWxaEJwHRK9Q2Jx9Eg,Joep Beving,O
116,다른 삶,Olafur Arnalds,Only The Winds,5i4FBbWB1J2c6RqZ4msUJ7,Olafur Arnalds,O
117,다른 삶,Joep Beving,Into the Dark Blue,1ZC21hJb2GASRkaoZvUcCS,Joep Beving,O
118,다른 삶,지금의계절,지극히 사소한 고독,42cwRiFR25LYJG6CCsjWo9,Kim Kwang Seok,X
119,다른 삶,Tobias Wilden,Adrift,5YSuL0DghKoZ1OzYzlzsID,Attom,X
120,다른 삶,JUNJO,Ivory,4F8FtOWSa286XpVEeB8pWm,juno,X
121,다른 삶,Iwamura Ry uta,Rio,1hc0G2VMFmkqI0JnW5Zbjh,?葉曇,X
122,다른 삶,정재형,오솔길,4kfy9lfHix9NxY8WZIPiR9,Jang Hyeon,X
123,다른 삶,52: 18 모그,Waltz For Mother,01Lv5YnZl96AjZju2KWu63,Kristian Hart Trio,X
124,다른 삶,Thomas Newman,Brooks Was Here(쇼생크 탈출 ost)',5FRGTGPZ7uA6JaLAH55PVV,Thomas Newman,O
125,당연한 하루는 없다,Thomas Ades,Colette,2Ran0ZJ57DVKtF8MZcwxFI,Thomas Ades,O
126,당연한 하루는 없다,김윤아,언젠가는,6Zp1H3TcEITJOrOmepA64b,Kim Yuna,O
127,당연한 하루는 없다,김윤아,꿈갈피,51our4AVCwd3KhRHSQoV1P,김정호,X
128,당연한 하루는 없다,The Soundtrackings,기다리다,3k3l7y7fYGyUSmss5SCTNG,발라드가수들,X
129,당연한 하루는 없다,Haneda Ryoko,Winter Dream,5s8gFtb7xfYZAaPAgTSJuz,Harmony Night,X
130,당연한 하루는 없다,나츠메 우인장 OST,Ito Wa Kanashi (피달소 Piano Cover),04lNqiVAQGZs1RQri0OxfS,Cat Trumpet,X
131,당연한 하루는 없다,Haneda Ryoko,When The First..,,,X
132,당연한 하루는 없다,김현철,시월애,5BKRpouE6rMJiSIa3rlUGu,Kim Hyunshik,X
133,당연한 하루는 없다,나츠메 우인장 OST,Furusato no Nioi (피달소 Piano Cover),6YKAg12rT0DHlljoU5q6g6,Cat Trumpet,X
134,당연한 하루는 없다,오준성,In Memories,5TptH8AKtJHRx21Wa4AX2k,Oh Joon Sung,O
135,당연한 하루는 없다,이남연,Warmhearted,3qvnPJQgq7OdcKthG1p6cV,Kim Haewon,X
136,당연한 하루는 없다,이병우,우리,,,X
137,당연한 하루는 없다,Haneda Ryoko,Rainy Birthday,4dvGwDLx4ZB7JAPGPcbcik,ZOD1AC,X
138,당연한 하루는 없다,김형석,자장가,0N8DGbZTroj2jgO5Rur6hR,김정수,X
139,당연한 하루는 없다,Quruli,Tsuneoto Zyoze,4f8WSEjfvrozyovxlW1BUY,Fuya Hisamori,X
140,당연한 하루는 없다,최유미,Main Theme,0nsIi8do34jaxhKI8C6QLP,MIYEON,X
141,당연한 하루는 없다,김윤아,슬픔도 지나고 나면,3STdUpGerZHa1cqgCNsToV,Kim Yoon,X
142,당연한 하루는 없다,김형석,"눈이 부시게""]",5BKRpouE6rMJiSIa3rlUGu,Kim Hyunshik,X
143,엉망인 채 완전한 축제,sonicbrat,A Matter of Time,3IuxYZUQ6J9yfqcVtk5h6b,Vandelux,X
144,엉망인 채 완전한 축제,Dustin O'Halloran,01 opus 20,7927IbXHiYrlZkAikPsi3X,Dustin O'Halloran,O
145,엉망인 채 완전한 축제,Chris Zabriskie,The Temperature of the Air on the Bow of the Kaleetan,5CXDqIQkkpzvAihxUu2X7J,Chris Zabriskie,O
146,엉망인 채 완전한 축제,Nils Frahm,Familiar,5Yy0R2CLFPXfrBPLnsI1zN,Nils Frahm,O
147,엉망인 채 완전한 축제,Eydis Evensen,Stormasamt Kvold,1XPUfZx0Nhl7Tl1AT2LKos,Eydis Evensen,O
148,엉망인 채 완전한 축제,Eydis Evensen,Brotin,1ByjUtjfHISyPBH1m4uhvT,Eydis Evensen,O
149,엉망인 채 완전한 축제,Olafur Arnalds,re:member,5RqKo9P4DLA0bVyY70cWkr,Olafur Arnalds,O
150,엉망인 채 완전한 축제,Ola Gjeilo,"Gjeilo: Before Dawn""",5YZHOENY8KssNQObXoMPy3,Ola Gjeilo,O
151,그림자의 위로,BWV 988,Aria - Lang Lang,4GFuyvrYOQYDS497hffJXT,Johann Sebastian Bach,X
152,그림자의 위로,Op.56,1. Berceuse - Katia Labeque · Marielle Labeque,3NbAsIxDL0fVgNuCLD152P,Gabriel Faure,X
153,그림자의 위로,Op. 57,Maurizio Pollini,10SzxcRqXfcJIlKKZlg1CP,Frederic Chopin,X
154,그림자의 위로,BWV 106,2a. Gottes Zeit,7ANhXB1OJBaTb7kDoAJRLq,Johann Sebastian Bach,X
155,그림자의 위로,ist die allerbeste Zeit (Arr. For Piano Four Hands by Gyorgy Kurtag),Lucas Jussen · Arthur Jussen,4JWVkr5jUjylM3hMG5zvXw,Johann Sebastian Bach,X
156,그림자의 위로,Einaudi: Ascent (Day 7),Ludovico Einaudi,5U87k9mIyu2sGQppcqV4Dw,Ludovico Einaudi,X
157,그림자의 위로,Mignone: Valse Elegante,Nelson Freire,74qkaW0o696hToQMvuVuUg,Johannes Brahms,X
158,그림자의 위로,Op. 3,No. 2 Prelude In C-Sharp Minor - Anatol Ugorski,3rd1Chqzxr95fcyBaJl0JZ,Sergei Rachmaninoff,X
159,그림자의 위로,Op. 54,No. 4 Notturno - Emil Gilels,2jwIuwH3Lplkk747r7T0nn,Edvard Grieg,X
160,그림자의 위로,BWV 846-869,I. Prelude in C Major,2nbMCBBmKc3B6A30jYPmpD,Johann Sebastian Bach,X
161,그림자의 위로,BWV 846,Lang Lang,211zXouX3GROvKvaoasR6V,Lang Lang,X
162,그림자의 위로,Op. 15,7. Traumerei - Vladimir Horowitz,1AAC58zOWhRn1XBNMlXLzy,Robert Schumann,X
163,그림자의 위로,Richter: Mercy,Max Richter,4gmhjAsvL6c7se2PBh7dHw,Max Richter,X
164,그림자의 위로,Op. 39,For Piano Duet - 15. In A Major - Aloys Kontarsky · Alfons Kontarsky,38VBVYxGlIU3HbIYw2ObnM,Johannes Brahms,X
165,그림자의 위로,M. 19,Alice Sara Ott',3dpfBv3mZJLPSX8Zjer7un,Maurice Ravel,X
166,꿀벌과 천둥,Op.23,조성진,2R9rCnnSkSffuKZx2U3hLJ,Jo Sung Mo,X
167,꿀벌과 천둥,바흐 : 평균율 클라비어곡집 제 1권 BWV 846,프렐류드 - Glenn Gould,7Aw2j9reBy7YeXiqBHvjhE,Johann Sebastian Bach,X
168,꿀벌과 천둥,Op.10 No.1,조성진,2R9rCnnSkSffuKZx2U3hLJ,Jo Sung Mo,X
169,꿀벌과 천둥,K. 332 1악장 Allegro,Glenn Gould,6uTCvFRE00RsW3AUf39Evn,Domenico Scarlatti,X
170,꿀벌과 천둥,브람스 : 파가니니 주제에 의한 변주곡 Op. 35 제 1권,테마 - Evgeny Kissin,6LGL8gQPQv3bMaT4ocVTsm,Frederic Chopin,X
171,꿀벌과 천둥,브람스 : 파가니니 주제에 의한 변주곡 Op. 35 제 1권,제1변주 - Evgeny Kissin,6LGL8gQPQv3bMaT4ocVTsm,Frederic Chopin,X
172,꿀벌과 천둥,Op.11-1 (Allegro maestoso),조성진,2R9rCnnSkSffuKZx2U3hLJ,Jo Sung Mo,X
173,꿀벌과 천둥,No. 5 '흑건',Ikuyo Nakamichi,2MGSgGtpyKTjr7tY0pefZ8,Kikuo,X
174,꿀벌과 천둥,Op.38,조성진,2R9rCnnSkSffuKZx2U3hLJ,Jo Sung Mo,X
175,꿀벌과 천둥,무소르그스키 : 전람회의 그림,2곡 고성 - Khatia Buniatishvili,5uONLpSzdrUP6N1rSKRU8o,Modest Mussorgsky,X
176,꿀벌과 천둥,Op.49,조성진,4SULy2zFlFpmIPP7KFFTyT,Jo Sung Mo,X
177,꿀벌과 천둥,Op. 9: No. 2,"조성진""",4xQMIWaPbIE2f19EaXGbLY,Frederic Chopin,X
178,작은 별이지만 빛나고 있어,힐링 네이쳐,Sea Waterwave,6lY4tHBKd7aVQW7X4TXtxt,Nature Sound Series,X
179,작은 별이지만 빛나고 있어,이루마,바다의 선율,4DkCHffANYSf3A8b3MDznV,높은음자리,X
180,작은 별이지만 빛나고 있어,Megan Wofford,Uprise,2Ys6Pl9WewP7ubO6kpevWI,Megan Wofford,O
181,작은 별이지만 빛나고 있어,Akira Kosemura,Luna,7AZCidWfobiJzWoxPB67gr,Akira Kosemura,O
182,작은 별이지만 빛나고 있어,Yellow Bridge,손끝에 닿을 듯이,4IRHwIZHzlHT1FQpRa5RdE,Elton John,X
183,작은 별이지만 빛나고 있어,Sakamoto Ryuichi,Shining Boy & Little Randy / Hoshininatta Shounen,6tBuLo6bYjq1abJJ53n7KF,Ryuichi Sakamoto,O
184,작은 별이지만 빛나고 있어,이루마,River Flows In You,3ETugKZ3CLuwtxuGuENOcX,Various Artists,O
185,작은 별이지만 빛나고 있어,Alfie-Jay Winters,Everyone Rainfalls,2wO1haAFVRv1gBLG6rc0ZX,Alfie-Jay Winters,O
186,작은 별이지만 빛나고 있어,Gavin Luke,In Pursuit Of Happiness,5PX4uS1LqlWEPL69phPVQQ,Kid Cudi,X
187,작은 별이지만 빛나고 있어,정재형,사랑하는 이들에게,3Y2Ks3xBvIhLvG1AHRtd2q,Jeong Tae chun,X
188,작은 별이지만 빛나고 있어,Jinhee JEON,Dawn Snow,6OI7UF4dZxf8BqYnA5btz2,Jeon Yonghyeon,X
189,작은 별이지만 빛나고 있어,scjazzy,500 000,20XdEFyaUR9C7aDIdq2OAd,DJ Jazzy Jeff & The Fresh Prince,X
190,작은 별이지만 빛나고 있어,로맨틱브리즈,바다가 보이는 언덕,2WSfAVIn6DVPecE4UO10m6,로맨틱브리즈,O
191,작은 별이지만 빛나고 있어,Goetz Oestlind,Anthriel : Genesis,4WUVMNkjbO2NkWf3BDE2MP,Goetz Oestlind,O
192,작은 별이지만 빛나고 있어,바이준,당신의 사랑이 늘 행복하기를,08OAWKU5pfVGrQPoiJJdCs,신효범,X
193,작은 별이지만 빛나고 있어,뉴에지 브리즈,밤하늘 그리고 별,4YaKlkNVJNbrIqN82EKFsQ,JANNABI,X
194,작은 별이지만 빛나고 있어,Remember My Song,My Romance,2rWqBm1Hs2rbw8rzJpDD71,Marina Aden,X
195,작은 별이지만 빛나고 있어,Sasaki Isao,Always In A Heart,2CD8UvBi01dwnriCM8TivL,Tevin Campbell,X
196,작은 별이지만 빛나고 있어,정재형,바람에 이는 나뭇가지,6WmRocm9w09tCZT44HU1qs,Jang Hyeon,X
197,작은 별이지만 빛나고 있어,:49 Little Fish,위로가 필요한 밤에,0jBxhRIYBsMQlXG0pIuIKs,Little Fish,O
198,작은 별이지만 빛나고 있어,:15 이루마,Letter (Winter Version),417XrKkdVRB75MosNRPmVh,Yiruma,O
199,작은 별이지만 빛나고 있어,:09 Winter Aid,The Wisp Sings'],008McaJl3WM1UqxxVie9BP,Winter Aid,O
200,달러구트 꿈 백화점,Yoshida Kiyoshi,Karakuridokei~ Time Leap,254FAW8agT5ePrypOck8yA,KISIDA KYODAN & THE AKEBOSI ROCKETS,X
201,달러구트 꿈 백화점,Alexandre Desplat,Little Women,4q2x4zs134mVfZSzngdZBG,Alexandre Desplat,O
202,달러구트 꿈 백화점,7pm,Snow Fantasy,4VkEkljlOC5cMbRMhREO5E,Øneheart,X
203,달러구트 꿈 백화점,RADWIMPS,Date,7A7lxMWZI2Uow7WqWjWGcM,RADWIMPS,O
204,달러구트 꿈 백화점,Yoshida Kiyoshi,Natsuzora,1vvPrTmFBFfK04LWcVH8lY,Ashif N,X
205,달러구트 꿈 백화점,Yoshida Kiyoshi,Sketch,6fbQ0UYHQS2CFQ85hOyXVM,Kishi Bashi,X
206,달러구트 꿈 백화점,Rob Simonsen,Main Title,1dUJRgcJtUxNfTWVEkshUb,Rob Simonsen,O
207,달러구트 꿈 백화점,Haneda Ryoko,Winter Dream,5s8gFtb7xfYZAaPAgTSJuz,Harmony Night,X
208,달러구트 꿈 백화점,석승환,Let it snow,6HgeeiHqVpxxFCB0bjBRT6,Jung Seung Hwan,X
209,달러구트 꿈 백화점,석승환,Hane yourself a merry little Christmas,1J0NAemu98Bg5y39sqqfMI,Sung Si Kyung,X
210,달러구트 꿈 백화점,석승환,Jingle Bell,2wKnGjAnQxH9rFDiTSBTyp,Lee Seung Chul,X
211,달러구트 꿈 백화점,석승환,White Christmas,5UBfG5lviP4DwIMWul5J28,Lady Gaga,X
212,달러구트 꿈 백화점,석승환,The Christmas song,5MGZPn7QWGD3DTmPyrpj79,Lee Seung Chul,X
213,달러구트 꿈 백화점,석승환,Silent night,6OrYF7BHkbsfhxEMQfwBvV,Dreamcatcher,X
214,달러구트 꿈 백화점,김광민,크리스마스 선물,3v5vLBsZvVcqJVDwp4tcei,김대환,X
215,달러구트 꿈 백화점,Haneda Ryoko,Venezia,1TjZTPkdqO3OCo7DX10a0l,AKKI (DE),X
216,달러구트 꿈 백화점,로맨틱망고,겨울,7mboiPwtM50OVUlHBRXc5D,KOI,X
217,달러구트 꿈 백화점,고서이,Painted Times(With Clarinet),4lthTadTs7WMkpn9w2krk4,MoonMoon,X
218,달러구트 꿈 백화점,Ola Gjeilo,Santa Monica,7jT28bNawgEskE8tDLEBbd,Ola Gjeilo,O
219,달러구트 꿈 백화점,:16 이루마,Maybe christmas'],5QIi1Vv5Wyb7Nw1Dz01xS9,Yiruma,O
220,어린 왕자,Matija Strnisa,Tender Loneliness,2HZxx9BjmtuvKtg2py0QYS,Sasha Zimmerman,X
221,어린 왕자,Matija Strnisa,Butterflies,2XSJ7jlpnxpQACwhNo53Aj,Matija Strni?a,O
222,어린 왕자,Ludovico Einaudi,Natural Light,1BncfTJAWxrsxyT9culBrj,Ludovico Einaudi,O
223,어린 왕자,Million Eyes,The Mercy of the Wind,59EPbYaZgU4qrQy1OwwhKt,Million Eyes,O
224,어린 왕자,Trevor Kowalski,Courage Endures,4YdPWFQ4tpXT98wWmTTV3z,Trevor Kowalski,O
225,어린 왕자,Aidan Clare,Caterpillar In a Mol for Piano,49ra2TlFvq7TAxTpijuPYv,Slumbering Tapes,X
226,어린 왕자,이은주,사랑스런 추억,5xtATcLzRFvpEAWlKcKivO,황치훈,X
227,어린 왕자,Masafumi Komatsu,Mahina,5LL1Sk44nP2aRgXJiRoH3R,Masafumi Komatsu,O
228,어린 왕자,Masafumi Komatsu,reflection,5Zf25eS8E1znm9mez4cGsm,Toshifumi Hinata,X
229,어린 왕자,Million Eyes,There Will be Rain,1iv1JThcpZlvOIGhIJj99g,Million Eyes,O
230,어린 왕자,Trevor Kowalski,And We Walk After,1sbWKyQsUCtzBlClQWs2Rl,Trevor Kowalski,O
231,어린 왕자,Akira Kosemura,You,7AZCidWfobiJzWoxPB67gr,Akira Kosemura,O
232,어린 왕자,Nils Frahm,My Friend the Forest,6Rkp6fEsvOTR7YxsW5uNyR,Nils Frahm,O
233,어린 왕자,Nils Frahm,About Coming and Leaving,6wfm9juwwokarp3HiI1tg2,Nils Frahm,O
234,어린 왕자,Akira Kosemura,Fragile,7AZCidWfobiJzWoxPB67gr,Akira Kosemura,O
235,어린 왕자,이루마,s t e l l a,3mWfaQkxgPGYttNeGHtuRc,Yiruma,O
236,어린 왕자,Matija Strnisa,Everyone is here'],2t565w9bXEGw916xypIUYq,Matija Strni?a,O
237,데미안,Erik Satie,Gymnopedie No. 3,4b1ZzDtdGeDpXaPw4DViZ8,Erik Satie,O
238,데미안,Joep Beving,Wanderlust,7oJBVDLBCLZp62hVGMJNlX,Joep Beving,O
239,데미안,Luke Howard,Nocturne,6XTKYGyydndSUV3OHHDwZU,Luke Howard,O
240,데미안,Lambert,Sleeping Dogs,4WIi4iFr7nIdNYW5lNbe1T,Lambert,O
241,데미안,RIOPY,Tree of Light - A Call to Arms,6gE9ia6ayDUkHwoUzZVYVQ,RIOPY,O
242,데미안,GREGOR PIATIGORSKY,Song of India (Rimsky-Korsakov),4WZYJEbNMByuhmHyaxAu3S,Nikolai Rimsky-Korsakov,X
243,데미안,Alice Sara Ott,Piano Sonata No.3: Largo,1cmigB9I6IRpFqjIbzvSQB,Claude Debussy,X
244,데미안,Ren Ford,Earnestly Yours,5Z53G1yccd3tddrpiG9IpN,Keaton Henson,X
245,데미안,Dustin O'Halloran,Quartet No.3,1PhI1qNh5IRyLsKTxsfG0u,Gustav Mahler,X
246,데미안,Dustin O'Halloran,We Move Lightly,2gACae9pFwgAFKnVxteQv4,Dustin O'Halloran,O
247,데미안,Olafur Arnalds,Near Light,6Xajr512QEGAZ20bqAWkyT,Olafur Arnalds,O
248,데미안,Olafur Arnalds,nyepi (string quartet version),1tje9Dg1QNU4KJo5wfjags,Olafur Arnalds,O
249,데미안,Ren Ford,Impromptu On A Theme From Six,1oKOIu35J9znIA7JbtVlTK,Jacob Hall,X
250,데미안,Nils Frahm,Over There,7agPIlFzTpgKnqyxUVt7aM,Nils Frahm,O
251,데미안,Maurice Ravel,Pavane pour une infante defunte(죽은 왕녀를 위한 파반느),3MRQn2RYo2VLYMoStnLRxu,Maurice Ravel,O
252,이방인,Ludovico Einaudi,Einaudi : Elegy For The Arctic,4MvqWzm7BDfHKkms39axnn,Ludovico Einaudi,O
253,이방인,Joep Beving,Sonderling,0gLde9WgWC67ivjMdkv8YU,Dalal,X
254,이방인,Ludovico Einaudi,Andare,5U87k9mIyu2sGQppcqV4Dw,Ludovico Einaudi,O
255,이방인,Claude Debussy,Ballade,3sWbPGkJwBEB7JFgFzMPci,Claude Debussy,O
256,이방인,Vikingur Olafsson,Rameau,1G3QPQkoXvpChjNUhd6Tfs,Jean-Philippe Rameau,X
257,이방인,Mari Samuelsen,Mercy,0RpkVigRs7isnjAaK6WOdQ,Max Richter,X
258,이방인,Lambert,Awake,4gFnOcArAjAx0wqadjtzsq,Lambert,O
259,이방인,Lambert,The Dance,6aQc204iPMcfjuozE4Zn3P,Dan Lambert,O
260,이방인,Ola Gjeilo,Before Dawn,6k5iJy3uIEhaqZu9MCGCiq,Ola Gjeilo,O
261,이방인,David Foster,Love,15sEH4pLkxoQwlOYM4HEFW,David Foster,O
262,이방인,Music Lab Collective,Wiseman : Quiet Room,4u91K1WDKhzLLg8QJsQlor,Music Lab Strings,O
263,이방인,Olafur Arnalds,Saudade (When We Are Born),1ijwLR1iybtxaUbasUj7kJ,Olafur Arnalds,O
264,이방인,:24 Lambert,Balcony Hotel (From 'Miss'),1ugTSkllKG0YdiPaOEPa0z,Lambert,O
265,이방인,:13 Olafur Arnalds,nyepi,5RqKo9P4DLA0bVyY70cWkr,Olafur Arnalds,O
266,이방인,:28 Max richter,"On The Nature Of Daylight""]",56oReVXIfUO9xkX7pHmEU0,Max Richter,O
267,인간실격,조영욱,상현의 기도 (박쥐 ost),6KPmAzfGHR1D8Zm5YSJ4yC,Cho Young Wook,O
268,인간실격,The Soundtrackings,매초롬한 미인 (아가씨 ost),5SqEWwdYt55W8Tz7j8WtwQ,SEUNGKWAN,X
269,인간실격,The Soundtrackings,태어나지 않았으면 좋았을 텐데 (아가씨 ost),4cqshpJpW1jyyvJOeTHOiC,Standing Egg,X
270,인간실격,Ryuichi Sakamoto,POPPOYA (piano Version),66hacKPqwClRgpSmWDWhBx,Ryuichi Sakamoto,O
271,인간실격,모그,Soohyun's Theme Ver.2 (악마를 보았다 ost),4Pty5kAaFSjQk2a5cLLpqK,Ha Hyun Sang,X
272,인간실격,모그,Soohyun's Theme (악마를 보았다 ost),5SqEWwdYt55W8Tz7j8WtwQ,SEUNGKWAN,X
273,인간실격,모그,I Saw the Devil Piano Ver.2 (악마를 보았다 ost),0B1zVsLqmV9ibIFdNS5tGs,Todd Rundgren,X
274,인간실격,모그,I Saw the Devil Piano (악마를 보았다 ost),4eml6JKI3m5nkuRtoAPWUP,MDP,X
275,인간실격,조영욱,제니의 자장가 (Another Take,47LuCAxcS4ArKbIX9XqXeM,Cho Young Wook,O
276,인간실격,조영욱,편지 (친절한 금자씨 ost),71zgzDWBaSpFZuflwRfVJD,Cho Young Wook,O
277,인간실격,이병우,숲은 알고 있다 (장화홍련 ost),1XrfEfQj3x4XfIM1nxMJJW,이정현,X
278,인간실격,S.A. Karl,Aldebaran,7BbUNLqsUWQAM0QUNoFZWs,S.A. Karl,O
279,인간실격,연리목,흘러가다 (은교 ost),0F8VPFPd53OxPYiINjc9bF,황치훈,X
280,인간실격,Abel Korzeniowski,"Table For Two""",20vEB3It4xYzKHlMecu6X1,Abel Korzeniowski,O
281,분노의 질주,Flo Rider,whistle,3bC1ahPIYt1btJzSSEyyrF,Flo Rida,X
282,분노의 질주,"Kid lnk,Tyga, wale,YG, Rich homie Quan",Ride out,59PL9AwYjIrIpP04n9gmMR,Kid Ink,O
283,분노의 질주,Wiz Khalifa & lggy Azalea,Go Hard or Go home,2QJnTfMpNG05KFf2E3gVIJ,Wiz Khalifa,O
284,분노의 질주,Flo Rida,GDFR (remix),26rdOwwjC2UnweK3xeS58u,Flo Rida,O
285,헝거 게임,Jennifer Lawrence,Deep In The Meadow,2hgmZiJQLjpzkkD93Nne8d,James Newton Howard,X
286,헝거 게임,Taylor Swift,Safe & Sound,6Z8R6UsFuGXGtiIxiD8ISb,Capital Cities,X
287,헝거 게임,Sia,elastic heart,0udoMICxzaUbNUT8EVRq8B,Sia,O
288,반지의 제왕,Howard Shore,Evenstar,1TQKEwq4y9SkNciJuisE1m,Howard Shore,O
289,반지의 제왕,Billy boyd,Edge Of Night,5z89FzQzTQOwSJFlMp6UFd,Howard Shore,X
290,토이스토리,Randy Newman,You've Got a Friend in Me,2stkLJ0JNcXkIRDNF3ld6c,Randy Newman,O
291,쿵푸 팬더,Cee-Lo Green,Kung Fu Fighting,7eGAQnxbIHHFtS1p9rmAZ0,CeeLo Green,O
292,테이큰,Ghinzu,The Dragster Wave,3w0AsliIPXqqstBSfQ8Rym,Ghinzu,O
293,아메리칸 뷰티,Thomas Newman,Any Other Name,33B1XmfncHqnfkrYZIcHbD,Thomas Newman,O
294,아메리칸 뷰티,Gomez,We Haven't Turned Around,0jONzUJvInw2qqyOEGDbzE,Gomez,O
295,로스트 인 트랜스레이션,Squarepusher,Tommib,5rzEX5tCbOSCzoH92dbExL,Squarepusher,O
296,로스트 인 트랜스레이션,Kevin Shields,Ikebana,1PPFlpZZXfGCDANeUaoZYe,Kevin Sherwood,O
297,로스트 인 트랜스 레이션,AIR,Alone in Kyoto,4TT9902mhftdlIDaz31Yz7,Aer,O
