,책제목,artist,song_name,id,spotify_artist,danceability,energy,key,loudness,mode,speechiness,acousticness,instrumentalness,liveness,valence,tempo,mood
0,두고 온 여름,권현정(소공녀OST),난 너만 있으면 되는데,4MzcQtRM0xlUhs5Y0Quy1R,Kwon Hyun Jung,0.525,0.00413,5.0,-26.576,1.0,0.119,0.995,0.916,0.077,0.196,66.221,"['empty', 'sadness', 'worry', 'boredom']"
1,두고 온 여름,Hideyuki Hashimoto,hoho,48Jivh6jAj87eK6lj3FtUo,Hideyuki Hashimoto,0.445,0.0367,1.0,-31.319,1.0,0.0433,0.991,0.944,0.0896,0.13,75.396,"['empty', 'sadness', 'worry', 'boredom']"
2,두고 온 여름,Hideyuki Hashimoto,Setsu,1GKz0TpC7HktxQTirXpyZi,Hideyuki Hashimoto,0.493,0.0496,0.0,-26.935,1.0,0.0469,0.989,0.908,0.118,0.212,57.756,"['empty', 'sadness', 'worry', 'boredom']"
3,백일의 밤 백편의 시,Jon Belle,If You Could See Me Now,53BeSVY0mpmucCIr0pDkPp,Jon Belle,0.514,0.0569,0.0,-30.029,0.0,0.0352,0.993,0.925,0.102,0.09,122.109,"['sadness', 'love', 'happiness', 'relief']"
4,백일의 밤 백편의 시,Thomas Ades,Arabesque (Debussy),6JU2EiLrNcmPuzRYC89x5N,Thomas Ades,0.241,0.0565,6.0,-23.98,0.0,0.0408,0.992,0.882,0.0984,0.104,67.128,"['sadness', 'love', 'happiness', 'relief']"
5,백일의 밤 백편의 시,Thomas Ades,Colette,7IyjWrw7SQHeGlPObJdqPQ,Thomas Ades,0.262,0.203,5.0,-15.309,1.0,0.0334,0.95,0.665,0.161,0.166,62.382,"['sadness', 'love', 'happiness', 'relief']"
6,백일의 밤 백편의 시,Jim Chappell,Innocense,6aCCOwUQgAiI0xO9fBh1x2,Jim Chappell,0.363,0.262,3.0,-15.583,1.0,0.0599,0.955,0.938,0.107,0.0713,118.175,"['sadness', 'love', 'happiness', 'relief']"
7,백일의 밤 백편의 시,Iwamura Ryuta,February 20 / C-bur,2ImPlIfC6RygVYKSANhxgf,Iwamura Ryuta,0.397,0.171,5.0,-21.528,0.0,0.045,0.98,0.92,0.112,0.278,90.539,"['sadness', 'love', 'happiness', 'relief']"
8,백일의 밤 백편의 시,Nanatsutani Yumi,molecule,2nQwp2DxltSKXjy5jEp79m,Yumi,0.794,0.805,1.0,-4.004,1.0,0.251,0.00175,0.0,0.0372,0.937,153.005,"['sadness', 'love', 'happiness', 'relief']"
9,백일의 밤 백편의 시,Iwamura Ryuta,October 7 / His-dur,2ImPlIfC6RygVYKSANhxgf,Iwamura Ryuta,0.397,0.171,5.0,-21.528,0.0,0.045,0.98,0.92,0.112,0.278,90.539,"['sadness', 'love', 'happiness', 'relief']"
10,백일의 밤 백편의 시,Michael Giacchino,Stuff We Did,19blFYzqmPj7FtW7W4DFEl,Michael Giacchino,0.256,0.00484,7.0,-34.386,1.0,0.0427,0.924,0.0408,0.0634,0.0373,57.412,"['sadness', 'love', 'happiness', 'relief']"
11,어른을 위한 인생 수업  류쉬안,전진희,night in february,7BsB19lhDNnk1MgULMyv5p,Jeon Jin Hee,0.654,0.258,8.0,-9.468,1.0,0.0295,0.904,0.382,0.108,0.162,128.091,['happiness']
12,어른을 위한 인생 수업  류쉬안,Hideyuki Hashimoto,izumi - improvisation - tree /,6l0tjnyRxdVdEBqLK5OIE1,Hideyuki Hashimoto,0.422,0.0263,7.0,-28.006,1.0,0.0526,0.994,0.953,0.132,0.1,65.372,['happiness']
13, 쓸데없는 짓이 어디 있나요,Ryuichi Sakamoto,leta,66hacKPqwClRgpSmWDWhBx,Ryuichi Sakamoto,0.271,0.0842,3.0,-25.826,0.0,0.0476,0.978,0.857,0.104,0.0389,168.977,"['fun', 'happiness', 'relief']"
14, 쓸데없는 짓이 어디 있나요,전진희,Breathing in April,4hryahlO8NpCmOpQv2Ng4C,Jeon Jin Hee,0.497,0.00282,0.0,-26.199,1.0,0.0691,0.996,0.968,0.0993,0.282,69.708,"['fun', 'happiness', 'relief']"
15, 쓸데없는 짓이 어디 있나요,윤한,바람의 왈츠,6aIyFDkZ5PDA7knzWlGVCl,Yoon Han,0.571,0.168,5.0,-15.097,1.0,0.0457,0.96,0.934,0.0941,0.19,92.876,"['fun', 'happiness', 'relief']"
16, 쓸데없는 짓이 어디 있나요,Hideyuki Hashimoto,ki,48Jivh6jAj87eK6lj3FtUo,Hideyuki Hashimoto,0.445,0.0367,1.0,-31.319,1.0,0.0433,0.991,0.944,0.0896,0.13,75.396,"['fun', 'happiness', 'relief']"
17, 쓸데없는 짓이 어디 있나요,Hideyuki Hashimoto,Izumi - improvisation - tree,48Jivh6jAj87eK6lj3FtUo,Hideyuki Hashimoto,0.445,0.0367,1.0,-31.319,1.0,0.0433,0.991,0.944,0.0896,0.13,75.396,"['fun', 'happiness', 'relief']"
18, 쓸데없는 짓이 어디 있나요,Ryuichi Sakamoto,Parolibre,66hacKPqwClRgpSmWDWhBx,Ryuichi Sakamoto,0.271,0.0842,3.0,-25.826,0.0,0.0476,0.978,0.857,0.104,0.0389,168.977,"['fun', 'happiness', 'relief']"
19, 쓸데없는 짓이 어디 있나요,Hideyuki Hashimoto,Odoriko,48Jivh6jAj87eK6lj3FtUo,Hideyuki Hashimoto,0.445,0.0367,1.0,-31.319,1.0,0.0433,0.991,0.944,0.0896,0.13,75.396,"['fun', 'happiness', 'relief']"
20,스키터,오준성,In Memories,5TptH8AKtJHRx21Wa4AX2k,Oh Joon Sung,0.244,0.17,0.0,-14.129,1.0,0.0375,0.97,0.00656,0.137,0.0908,75.75,['relief']
21,스키터,유민호,까멜리아,5lKWtBL8zthnuG9C9z2ecF,Yoo Min Ho,0.464,0.0305,2.0,-21.791,1.0,0.0467,0.988,0.915,0.147,0.158,71.858,['relief']
22,스키터,홍진호,Moonlight (Cello Ver.),2L7P1ukm8GXHTBeHSM0st1,Hong Jin Ho,0.243,0.568,2.0,-8.659,1.0,0.0456,0.898,0.65,0.11,0.124,125.941,['relief']
23,스키터,전진희,breathing in October(2021),5yNtqQzL2eAr5pb1cRDUhe,Jeon Jin Hee,0.515,0.0362,2.0,-24.108,0.0,0.0622,0.995,0.946,0.105,0.169,131.185,['relief']
24,잊었던 용기,Yutaka Hirasaka,amaretto,5Oje3rq0K9GSyvlWlOmjoG,yutaka hirasaka,0.302,0.0667,0.0,-19.507,1.0,0.0453,0.98,0.94,0.111,0.116,78.091,"['relief', 'happiness', 'love']"
25,잊었던 용기,RADWIMPS,Theme of mitsuha,66HNv8qd9jr7q5P9nNTOOZ,RADWIMPS,0.615,0.152,0.0,-17.208,1.0,0.0583,0.987,0.906,0.111,0.251,123.701,"['relief', 'happiness', 'love']"
26,잊었던 용기,Raujika,Pastoral,0cPrPXrM1bKISuj7Hp9rj6,Raujika,0.518,0.475,3.0,-13.911,1.0,0.298,0.993,0.802,0.105,0.465,76.466,"['relief', 'happiness', 'love']"
27,잊었던 용기,Zmi,Tamayura,6D1oM53Za4jzNEJ1NAcmfZ,Zmi,0.584,0.00523,1.0,-26.655,1.0,0.0941,0.987,0.771,0.0603,0.352,114.1,"['relief', 'happiness', 'love']"
28,잊었던 용기,Hideyuki Hashimoto,asa,48Jivh6jAj87eK6lj3FtUo,Hideyuki Hashimoto,0.445,0.0367,1.0,-31.319,1.0,0.0433,0.991,0.944,0.0896,0.13,75.396,"['relief', 'happiness', 'love']"
29,잊었던 용기,Hideyuki Hashimoto,improvisation - prelude,6KysOR1ueeYL2Z2cDDj4EZ,Hideyuki Hashimoto,0.298,0.191,2.0,-28.253,1.0,0.0475,0.977,0.889,0.108,0.219,72.555,"['relief', 'happiness', 'love']"
30,다른 삶,Tobias Wilden,About Isolation / Ripples,0kijSPgMw8MJ6DTUAg7cTp,Tomas Wilhelm,0.263,0.0778,3.0,-25.687,1.0,0.0544,0.994,0.962,0.0924,0.137,72.535,"['worry', 'empty']"
31,다른 삶,이루마,Passing By,0Djo0n7aIXn4osnK2U5YNH,Yiruma,0.276,0.152,2.0,-20.094,1.0,0.0352,0.99,0.905,0.0676,0.051,80.536,"['worry', 'empty']"
32,다른 삶,Joep Beving,Reflection #2,3PEUNWxaEJwHRK9Q2Jx9Eg,Joep Beving,0.283,0.0176,7.0,-26.003,0.0,0.0389,0.993,0.879,0.107,0.0736,126.558,"['worry', 'empty']"
33,다른 삶,Olafur Arnalds,Only The Winds,5i4FBbWB1J2c6RqZ4msUJ7,Olafur Arnalds,0.486,0.172,4.0,-17.867,0.0,0.0326,0.946,0.949,0.0806,0.0383,116.976,"['worry', 'empty']"
34,다른 삶,Joep Beving,Into the Dark Blue,1ZC21hJb2GASRkaoZvUcCS,Joep Beving,0.324,0.116,7.0,-22.841,0.0,0.0348,0.986,0.926,0.113,0.299,79.487,"['worry', 'empty']"
35,다른 삶,Thomas Newman,Brooks Was Here(쇼생크 탈출 ost)',5FRGTGPZ7uA6JaLAH55PVV,Thomas Newman,0.0808,0.00285,4.0,-41.786,0.0,0.0402,0.984,0.666,0.0736,0.0375,64.48,"['worry', 'empty']"
36,당연한 하루는 없다,Thomas Ades,Colette,2Ran0ZJ57DVKtF8MZcwxFI,Thomas Ades,0.16,0.00783,1.0,-23.233,1.0,0.0475,0.963,0.676,0.139,0.0392,93.624,"['worry', 'relief']"
37,당연한 하루는 없다,김윤아,언젠가는,6Zp1H3TcEITJOrOmepA64b,Kim Yuna,0.466,0.154,10.0,-10.282,1.0,0.036,0.962,0.000117,0.234,0.251,77.934,"['worry', 'relief']"
38,당연한 하루는 없다,오준성,In Memories,5TptH8AKtJHRx21Wa4AX2k,Oh Joon Sung,0.244,0.17,0.0,-14.129,1.0,0.0375,0.97,0.00656,0.137,0.0908,75.75,"['worry', 'relief']"
39,엉망인 채 완전한 축제,Dustin O'Halloran,01 opus 20,7927IbXHiYrlZkAikPsi3X,Dustin O'Halloran,0.427,0.06,5.0,-19.714,0.0,0.0457,0.991,0.938,0.0908,0.0384,135.54,"['sadness', 'empty', 'worry']"
40,엉망인 채 완전한 축제,Chris Zabriskie,The Temperature of the Air on the Bow of the Kaleetan,5CXDqIQkkpzvAihxUu2X7J,Chris Zabriskie,0.325,0.088,10.0,-18.967,0.0,0.0329,0.977,0.907,0.105,0.0368,68.237,"['sadness', 'empty', 'worry']"
41,엉망인 채 완전한 축제,Nils Frahm,Familiar,5Yy0R2CLFPXfrBPLnsI1zN,Nils Frahm,0.616,0.431,3.0,-18.743,0.0,0.0354,0.801,0.955,0.356,0.291,129.992,"['sadness', 'empty', 'worry']"
42,엉망인 채 완전한 축제,Eydis Evensen,Stormasamt Kvold,1XPUfZx0Nhl7Tl1AT2LKos,Eydis Evensen,0.151,0.154,7.0,-20.427,0.0,0.0338,0.864,0.729,0.0914,0.134,80.555,"['sadness', 'empty', 'worry']"
43,엉망인 채 완전한 축제,Eydis Evensen,Brotin,1ByjUtjfHISyPBH1m4uhvT,Eydis Evensen,0.395,0.0465,11.0,-25.504,0.0,0.0383,0.978,0.923,0.0968,0.1,66.808,"['sadness', 'empty', 'worry']"
44,엉망인 채 완전한 축제,Olafur Arnalds,re:member,5RqKo9P4DLA0bVyY70cWkr,Olafur Arnalds,0.583,0.0238,0.0,-32.244,0.0,0.0369,0.994,0.847,0.103,0.426,108.74,"['sadness', 'empty', 'worry']"
45,엉망인 채 완전한 축제,Ola Gjeilo,"Gjeilo: Before Dawn""",5YZHOENY8KssNQObXoMPy3,Ola Gjeilo,0.394,0.00857,0.0,-32.116,1.0,0.0406,0.995,0.919,0.0798,0.036,65.558,"['sadness', 'empty', 'worry']"
46,작은 별이지만 빛나고 있어,Megan Wofford,Uprise,2Ys6Pl9WewP7ubO6kpevWI,Megan Wofford,0.26,0.0312,5.0,-22.242,1.0,0.046,0.995,0.956,0.102,0.334,201.632,"['happiness', 'love']"
47,작은 별이지만 빛나고 있어,Akira Kosemura,Luna,7AZCidWfobiJzWoxPB67gr,Akira Kosemura,0.586,0.0805,8.0,-23.081,0.0,0.0341,0.987,0.943,0.0948,0.213,112.213,"['happiness', 'love']"
48,작은 별이지만 빛나고 있어,Sakamoto Ryuichi,Shining Boy & Little Randy / Hoshininatta Shounen,6tBuLo6bYjq1abJJ53n7KF,Ryuichi Sakamoto,0.493,0.57,2.0,-13.51,1.0,0.0526,0.256,0.939,0.114,0.31,127.928,"['happiness', 'love']"
49,작은 별이지만 빛나고 있어,이루마,River Flows In You,3ETugKZ3CLuwtxuGuENOcX,Various Artists,0.527,0.228,9.0,-17.307,1.0,0.0536,0.961,0.93,0.111,0.0891,133.963,"['happiness', 'love']"
50,작은 별이지만 빛나고 있어,Alfie-Jay Winters,Everyone Rainfalls,2wO1haAFVRv1gBLG6rc0ZX,Alfie-Jay Winters,0.648,0.148,0.0,-19.719,0.0,0.033,0.739,0.834,0.0864,0.0471,115.895,"['happiness', 'love']"
51,작은 별이지만 빛나고 있어,로맨틱브리즈,바다가 보이는 언덕,2WSfAVIn6DVPecE4UO10m6,로맨틱브리즈,0.57,0.0925,3.0,-20.497,1.0,0.0543,0.986,0.934,0.109,0.0785,119.36,"['happiness', 'love']"
52,작은 별이지만 빛나고 있어,Goetz Oestlind,Anthriel : Genesis,4WUVMNkjbO2NkWf3BDE2MP,Goetz Oestlind,0.542,0.01,5.0,-30.652,1.0,0.101,0.996,0.963,0.101,0.536,69.978,"['happiness', 'love']"
53,작은 별이지만 빛나고 있어,:49 Little Fish,위로가 필요한 밤에,0jBxhRIYBsMQlXG0pIuIKs,Little Fish,0.535,0.0545,4.0,-22.318,1.0,0.0562,0.991,0.941,0.136,0.0942,132.528,"['happiness', 'love']"
54,작은 별이지만 빛나고 있어,:15 이루마,Letter (Winter Version),417XrKkdVRB75MosNRPmVh,Yiruma,0.496,0.0569,0.0,-19.186,1.0,0.0695,0.993,0.919,0.143,0.128,133.007,"['happiness', 'love']"
55,작은 별이지만 빛나고 있어,:09 Winter Aid,The Wisp Sings'],008McaJl3WM1UqxxVie9BP,Winter Aid,0.521,0.0889,4.0,-19.457,1.0,0.0506,0.988,0.185,0.0965,0.0478,115.428,"['happiness', 'love']"
56,달러구트 꿈 백화점,Alexandre Desplat,Little Women,4q2x4zs134mVfZSzngdZBG,Alexandre Desplat,0.58,0.112,0.0,-22.32,1.0,0.0379,0.99,0.972,0.105,0.17,136.019,"['enthusiasm', 'happiness']"
57,달러구트 꿈 백화점,RADWIMPS,Date,7A7lxMWZI2Uow7WqWjWGcM,RADWIMPS,0.673,0.119,5.0,-20.274,1.0,0.0656,0.985,0.73,0.114,0.478,123.87,"['enthusiasm', 'happiness']"
58,달러구트 꿈 백화점,Rob Simonsen,Main Title,1dUJRgcJtUxNfTWVEkshUb,Rob Simonsen,0.0626,0.079,6.0,-30.41,0.0,0.0425,0.906,0.931,0.0825,0.0347,65.558,"['enthusiasm', 'happiness']"
59,달러구트 꿈 백화점,Ola Gjeilo,Santa Monica,7jT28bNawgEskE8tDLEBbd,Ola Gjeilo,0.289,0.126,5.0,-31.229,1.0,0.0565,0.996,0.965,0.0833,0.257,106.153,"['enthusiasm', 'happiness']"
60,달러구트 꿈 백화점,:16 이루마,Maybe christmas'],5QIi1Vv5Wyb7Nw1Dz01xS9,Yiruma,0.387,0.159,1.0,-19.106,1.0,0.0477,0.99,0.87,0.0906,0.103,97.176,"['enthusiasm', 'happiness']"
61,어린 왕자,Matija Strnisa,Butterflies,2XSJ7jlpnxpQACwhNo53Aj,Matija Strni?a,0.38,0.00384,1.0,-26.243,1.0,0.0481,0.911,0.978,0.0936,0.048,65.947,"['happiness', 'love', 'fun']"
62,어린 왕자,Ludovico Einaudi,Natural Light,1BncfTJAWxrsxyT9culBrj,Ludovico Einaudi,0.447,0.449,2.0,-10.634,1.0,0.0376,0.934,0.961,0.0697,0.036,92.468,"['happiness', 'love', 'fun']"
63,어린 왕자,Million Eyes,The Mercy of the Wind,59EPbYaZgU4qrQy1OwwhKt,Million Eyes,0.467,0.0539,0.0,-21.715,1.0,0.042,0.985,0.52,0.0947,0.272,66.445,"['happiness', 'love', 'fun']"
64,어린 왕자,Trevor Kowalski,Courage Endures,4YdPWFQ4tpXT98wWmTTV3z,Trevor Kowalski,0.378,0.11,9.0,-16.498,0.0,0.0382,0.986,0.935,0.127,0.0343,120.061,"['happiness', 'love', 'fun']"
65,어린 왕자,Masafumi Komatsu,Mahina,5LL1Sk44nP2aRgXJiRoH3R,Masafumi Komatsu,0.359,0.069,5.0,-22.341,1.0,0.0662,0.996,0.934,0.106,0.0796,73.505,"['happiness', 'love', 'fun']"
66,어린 왕자,Million Eyes,There Will be Rain,1iv1JThcpZlvOIGhIJj99g,Million Eyes,0.889,0.0849,4.0,-21.957,1.0,0.0762,0.974,0.725,0.0961,0.176,115.051,"['happiness', 'love', 'fun']"
67,어린 왕자,Trevor Kowalski,And We Walk After,1sbWKyQsUCtzBlClQWs2Rl,Trevor Kowalski,0.372,0.0506,3.0,-22.288,1.0,0.0388,0.97,0.867,0.0897,0.0589,138.256,"['happiness', 'love', 'fun']"
68,어린 왕자,Akira Kosemura,You,7AZCidWfobiJzWoxPB67gr,Akira Kosemura,0.586,0.0805,8.0,-23.081,0.0,0.0341,0.987,0.943,0.0948,0.213,112.213,"['happiness', 'love', 'fun']"
69,어린 왕자,Nils Frahm,My Friend the Forest,6Rkp6fEsvOTR7YxsW5uNyR,Nils Frahm,0.396,0.0012,3.0,-38.004,0.0,0.0671,0.994,0.944,0.112,0.296,79.932,"['happiness', 'love', 'fun']"
70,어린 왕자,Nils Frahm,About Coming and Leaving,6wfm9juwwokarp3HiI1tg2,Nils Frahm,0.348,0.00533,6.0,-37.7,0.0,0.0415,0.986,0.898,0.108,0.216,103.431,"['happiness', 'love', 'fun']"
71,어린 왕자,Akira Kosemura,Fragile,7AZCidWfobiJzWoxPB67gr,Akira Kosemura,0.586,0.0805,8.0,-23.081,0.0,0.0341,0.987,0.943,0.0948,0.213,112.213,"['happiness', 'love', 'fun']"
72,어린 왕자,이루마,s t e l l a,3mWfaQkxgPGYttNeGHtuRc,Yiruma,0.248,0.385,9.0,-8.929,1.0,0.0378,0.972,0.889,0.11,0.362,135.496,"['happiness', 'love', 'fun']"
73,어린 왕자,Matija Strnisa,Everyone is here'],2t565w9bXEGw916xypIUYq,Matija Strni?a,0.86,0.694,0.0,-18.795,1.0,0.0562,0.963,0.872,0.114,0.0395,109.957,"['happiness', 'love', 'fun']"
74,데미안,Erik Satie,Gymnopedie No. 3,4b1ZzDtdGeDpXaPw4DViZ8,Erik Satie,0.408,0.00891,9.0,-34.072,0.0,0.06,0.992,0.961,0.0839,0.291,78.59,"['worry', 'sadness']"
75,데미안,Joep Beving,Wanderlust,7oJBVDLBCLZp62hVGMJNlX,Joep Beving,0.29,0.0366,2.0,-26.232,0.0,0.0396,0.995,0.922,0.0887,0.113,129.608,"['worry', 'sadness']"
76,데미안,Luke Howard,Nocturne,6XTKYGyydndSUV3OHHDwZU,Luke Howard,0.386,0.0552,10.0,-31.201,1.0,0.0395,0.992,0.942,0.0805,0.247,111.914,"['worry', 'sadness']"
77,데미안,Lambert,Sleeping Dogs,4WIi4iFr7nIdNYW5lNbe1T,Lambert,0.359,0.109,3.0,-22.349,1.0,0.0381,0.985,0.938,0.148,0.0694,122.941,"['worry', 'sadness']"
78,데미안,RIOPY,Tree of Light - A Call to Arms,6gE9ia6ayDUkHwoUzZVYVQ,RIOPY,0.276,0.0846,5.0,-20.781,0.0,0.042,0.985,0.87,0.093,0.0391,153.838,"['worry', 'sadness']"
79,데미안,Dustin O'Halloran,We Move Lightly,2gACae9pFwgAFKnVxteQv4,Dustin O'Halloran,0.177,0.133,5.0,-17.889,0.0,0.0419,0.972,0.787,0.0712,0.0575,150.293,"['worry', 'sadness']"
80,데미안,Olafur Arnalds,Near Light,6Xajr512QEGAZ20bqAWkyT,Olafur Arnalds,0.477,0.348,2.0,-14.586,1.0,0.0335,0.931,0.949,0.11,0.0867,117.94,"['worry', 'sadness']"
81,데미안,Olafur Arnalds,nyepi (string quartet version),1tje9Dg1QNU4KJo5wfjags,Olafur Arnalds,0.154,0.104,3.0,-18.461,1.0,0.0466,0.988,0.906,0.28,0.037,136.815,"['worry', 'sadness']"
82,데미안,Nils Frahm,Over There,7agPIlFzTpgKnqyxUVt7aM,Nils Frahm,0.197,0.00581,1.0,-34.505,1.0,0.0506,0.993,0.932,0.105,0.19,85.309,"['worry', 'sadness']"
83,데미안,Maurice Ravel,Pavane pour une infante defunte(죽은 왕녀를 위한 파반느),3MRQn2RYo2VLYMoStnLRxu,Maurice Ravel,0.491,0.0176,4.0,-26.911,0.0,0.0644,0.994,0.927,0.0985,0.0901,125.793,"['worry', 'sadness']"
84,이방인,Ludovico Einaudi,Einaudi : Elegy For The Arctic,4MvqWzm7BDfHKkms39axnn,Ludovico Einaudi,0.324,0.0313,5.0,-29.435,0.0,0.0482,0.988,0.936,0.125,0.145,63.542,"['empty', 'sadness']"
85,이방인,Ludovico Einaudi,Andare,5U87k9mIyu2sGQppcqV4Dw,Ludovico Einaudi,0.355,0.0479,2.0,-28.017,1.0,0.0414,0.986,0.958,0.115,0.0538,98.698,"['empty', 'sadness']"
86,이방인,Claude Debussy,Ballade,3sWbPGkJwBEB7JFgFzMPci,Claude Debussy,0.0934,0.037,1.0,-26.091,1.0,0.0412,0.915,0.972,0.0827,0.0364,164.68,"['empty', 'sadness']"
87,이방인,Lambert,Awake,4gFnOcArAjAx0wqadjtzsq,Lambert,0.584,0.239,7.0,-23.295,1.0,0.0424,0.961,0.91,0.157,0.147,140.004,"['empty', 'sadness']"
88,이방인,Lambert,The Dance,6aQc204iPMcfjuozE4Zn3P,Dan Lambert,0.349,0.00568,11.0,-28.213,1.0,0.0354,0.993,0.873,0.0964,0.0737,69.642,"['empty', 'sadness']"
89,이방인,Ola Gjeilo,Before Dawn,6k5iJy3uIEhaqZu9MCGCiq,Ola Gjeilo,0.314,0.00545,0.0,-33.332,1.0,0.0597,0.994,0.945,0.0894,0.444,138.554,"['empty', 'sadness']"
90,이방인,David Foster,Love,15sEH4pLkxoQwlOYM4HEFW,David Foster,0.443,0.0165,7.0,-28.875,1.0,0.0433,0.99,0.914,0.0832,0.119,115.705,"['empty', 'sadness']"
91,이방인,Music Lab Collective,Wiseman : Quiet Room,4u91K1WDKhzLLg8QJsQlor,Music Lab Strings,0.235,0.175,8.0,-10.311,1.0,0.0486,0.982,0.556,0.382,0.165,168.007,"['empty', 'sadness']"
92,이방인,Olafur Arnalds,Saudade (When We Are Born),1ijwLR1iybtxaUbasUj7kJ,Olafur Arnalds,0.289,0.0253,2.0,-31.435,1.0,0.0376,0.994,0.919,0.0837,0.138,99.801,"['empty', 'sadness']"
93,이방인,:24 Lambert,Balcony Hotel (From 'Miss'),1ugTSkllKG0YdiPaOEPa0z,Lambert,0.503,0.209,8.0,-22.495,0.0,0.0288,0.974,0.913,0.102,0.325,132.361,"['empty', 'sadness']"
94,이방인,:13 Olafur Arnalds,nyepi,5RqKo9P4DLA0bVyY70cWkr,Olafur Arnalds,0.583,0.0238,0.0,-32.244,0.0,0.0369,0.994,0.847,0.103,0.426,108.74,"['empty', 'sadness']"
95,이방인,:28 Max richter,"On The Nature Of Daylight""]",56oReVXIfUO9xkX7pHmEU0,Max Richter,0.065,0.341,10.0,-12.743,0.0,0.0482,0.154,0.854,0.109,0.0334,65.38,"['empty', 'sadness']"
96,인간실격,조영욱,상현의 기도 (박쥐 ost),6KPmAzfGHR1D8Zm5YSJ4yC,Cho Young Wook,0.284,0.0931,11.0,-17.689,0.0,0.0468,0.987,0.947,0.114,0.308,65.107,"['sadness', 'empty']"
97,인간실격,Ryuichi Sakamoto,POPPOYA (piano Version),66hacKPqwClRgpSmWDWhBx,Ryuichi Sakamoto,0.271,0.0842,3.0,-25.826,0.0,0.0476,0.978,0.857,0.104,0.0389,168.977,"['sadness', 'empty']"
98,인간실격,조영욱,제니의 자장가 (Another Take,47LuCAxcS4ArKbIX9XqXeM,Cho Young Wook,0.167,0.139,4.0,-14.72,0.0,0.038,0.931,0.366,0.113,0.0694,78.766,"['sadness', 'empty']"
99,인간실격,조영욱,편지 (친절한 금자씨 ost),71zgzDWBaSpFZuflwRfVJD,Cho Young Wook,0.675,0.268,0.0,-16.103,0.0,0.0376,0.609,0.942,0.119,0.526,124.998,"['sadness', 'empty']"
100,인간실격,S.A. Karl,Aldebaran,7BbUNLqsUWQAM0QUNoFZWs,S.A. Karl,0.39,0.0434,2.0,-22.244,1.0,0.0543,0.993,0.938,0.108,0.255,163.797,"['sadness', 'empty']"
101,인간실격,Abel Korzeniowski,"Table For Two""",20vEB3It4xYzKHlMecu6X1,Abel Korzeniowski,0.199,0.133,10.0,-15.992,0.0,0.0379,0.914,0.868,0.278,0.0388,132.028,"['sadness', 'empty']"
102,분노의 질주,"Kid lnk,Tyga, wale,YG, Rich homie Quan",Ride out,59PL9AwYjIrIpP04n9gmMR,Kid Ink,0.696,0.801,5.0,-5.641,0.0,0.0952,0.0469,0.0,0.502,0.536,93.003,['anger']
103,분노의 질주,Wiz Khalifa & lggy Azalea,Go Hard or Go home,2QJnTfMpNG05KFf2E3gVIJ,Wiz Khalifa,0.651,0.741,4.0,-5.067,0.0,0.0408,0.00293,1.2e-05,0.217,0.386,168.02,['anger']
104,분노의 질주,Flo Rida,GDFR (remix),26rdOwwjC2UnweK3xeS58u,Flo Rida,0.657,0.827,5.0,-4.036,1.0,0.0734,0.000704,0.00534,0.065,0.69,145.889,['anger']
105,헝거 게임,Sia,elastic heart,0udoMICxzaUbNUT8EVRq8B,Sia,0.44,0.306,9.0,-5.403,1.0,0.0377,0.903,0.0,0.0888,0.25,71.021,"['anger', 'worry']"
106,반지의 제왕,Howard Shore,Evenstar,1TQKEwq4y9SkNciJuisE1m,Howard Shore,0.122,0.0407,4.0,-26.194,0.0,0.0457,0.96,0.847,0.104,0.0342,74.418,"['enthusiasm', 'worry']"
107,토이스토리,Randy Newman,You've Got a Friend in Me,2stkLJ0JNcXkIRDNF3ld6c,Randy Newman,0.689,0.333,0.0,-12.134,0.0,0.0307,0.817,5.13e-06,0.285,0.471,115.835,"['fun', 'love', 'happiness']"
108,쿵푸 팬더,Cee-Lo Green,Kung Fu Fighting,7eGAQnxbIHHFtS1p9rmAZ0,CeeLo Green,0.681,0.666,4.0,-10.905,0.0,0.0995,0.015,0.0,0.34,0.239,110.016,"['fun', 'enthusiasm']"
109,테이큰,Ghinzu,The Dragster Wave,3w0AsliIPXqqstBSfQ8Rym,Ghinzu,0.326,0.47,10.0,-8.351,1.0,0.0325,0.6,0.188,0.118,0.119,82.001,"['anger', 'sadness', 'worry']"
110,아메리칸 뷰티,Thomas Newman,Any Other Name,33B1XmfncHqnfkrYZIcHbD,Thomas Newman,0.304,0.0116,7.0,-33.19,0.0,0.0337,0.983,0.963,0.104,0.0364,77.84,"['boredom', 'empty', 'sadness']"
111,아메리칸 뷰티,Gomez,We Haven't Turned Around,0jONzUJvInw2qqyOEGDbzE,Gomez,0.4,0.445,4.0,-11.019,1.0,0.0296,0.103,0.00271,0.102,0.26,122.435,"['boredom', 'empty', 'sadness']"
112,로스트 인 트랜스레이션,Squarepusher,Tommib,5rzEX5tCbOSCzoH92dbExL,Squarepusher,0.347,0.143,1.0,-16.349,1.0,0.0336,0.949,0.921,0.094,0.0396,90.093,"['boredom', 'empty', 'sadness']"
113,로스트 인 트랜스레이션,Kevin Shields,Ikebana,1PPFlpZZXfGCDANeUaoZYe,Kevin Sherwood,0.424,0.926,8.0,-4.538,1.0,0.182,5.21e-05,1.19e-06,0.0624,0.5,200.141,"['boredom', 'empty', 'sadness']"
114,로스트 인 트랜스 레이션,AIR,Alone in Kyoto,4TT9902mhftdlIDaz31Yz7,Aer,0.963,0.381,7.0,-11.529,1.0,0.3,0.388,7.15e-05,0.0873,0.694,122.03,"['boredom', 'empty', 'sadness']"
